Name,Branch,Year,Email,Interests
,,second,invalid-email.com,
Jessica Murray,MECH,5,andrewarnold@hotmail.com,"Robotics, Web Dev, App Dev"
Julie Mcdowell,IT,3,dennischad@scott.net,AI/ML
Charles Hughes,CSE,4,fmora@sanders.com,App Dev
Frank Green,MBA,2,bakerkristin@walker.net,"Cybersecurity, App Dev, O'Connor"
Justin Johnson,MECH,1,riddlethomas@yahoo.com,"å¼ ä¼Ÿ, Cybersecurity, JÃ¼rgen"
Lance Bailey,MBA,5,ylane@smith.org,"DSA, Web Dev"
Maria Cox,LAW,5,nicole45@yahoo.com,"ðŸ˜Š, App Dev, AI/ML, JÃ¼rgen"
Robert Hodge,IT,4,jessicarodriguez@hotmail.com,"Web Dev, Blockchain, AI/ML, ðŸ˜Š"
Brendan Rodriguez,LAW,5,qkerr@richardson.com,"ðŸ˜Š, Web Dev, App Dev, Robotics"
Amy House,LAW,2,timothymaynard@hotmail.com,
Erin Powell,ECE,1,marcusreyes@hotmail.com,"Cloud, O'Connor"
Harold Martin,MBA,4,alexis49@yahoo.com,"O'Connor, Web Dev, Blockchain"
Andrew Rivas,CIVIL,4,megansmith@gmail.com,Web Dev
Elizabeth Barnett,IT,2,connie08@jacobson.biz,"Cloud, O'Connor"
Michael Gardner,LAW,2,invalid-email.com,"AI/ML, Blockchain, å¼ ä¼Ÿ, App Dev"
Melanie Sandoval,CIVIL,4,jason84@carr.com,"JÃ¼rgen, Cloud"
Dawn Martin,CSE,second,taylorstacey@castillo.com,Cloud
Cheryl Walker,CSE,5,brittanynavarro@berger-bryant.com,App Dev
Sarah Collins,ECE,1,rharris@gmail.com,"App Dev, DSA, Blockchain"
å¼ ä¼Ÿ,IT,2,debragraves@ingram.net,
Robert Faulkner DDS,CSE,second,oconnellkaren@nunez-coleman.com,"App Dev, DSA, Cloud, O'Connor"
Thomas Carter,MBA,1,gonzalesnatalie@floyd-lee.com,"ðŸ˜Š, JÃ¼rgen, O'Connor, Blockchain"
Mary Clark,IT,4,maxwelltiffany@yahoo.com,"Robotics, App Dev, ðŸ˜Š"
Annette James,IT,2,timothymartinez@mcfarland.org,"App Dev, JÃ¼rgen"
,MBA,4,jacobchandler@perez-clark.org,App Dev
Karen Evans,MECH,1,anthony84@gmail.com,å¼ ä¼Ÿ
Tracy Beltran,EEE,4,holdermichael@gmail.com,"O'Connor, Robotics"
Tracy Wolfe,ECE,2,thomasnathan@gmail.com,"ðŸ˜Š, JÃ¼rgen"
Paula Palmer,IT,3,williamsbrendan@powers.org,"DSA, Robotics, Cybersecurity, App Dev"
Mariah Campbell,,1,invalid-email.com,
Nicholas Reyes,ECE,1,aprilmills@wilson.com,"JÃ¼rgen, DSA, O'Connor, Cloud"
Lauren Gallegos,CSE,3,ericstevens@hotmail.com,"JÃ¼rgen, Robotics, ðŸ˜Š, DSA"
Nicholas Ayala,CSE,second,zroman@gmail.com,"Blockchain, App Dev, JÃ¼rgen, å¼ ä¼Ÿ"
Sarah Flowers,IT,2,gbentley@gmail.com,"Blockchain, DSA, AI/ML, Cloud"
Gary Rodriguez,CIVIL,second,peterclark@brown-rodriguez.info,"JÃ¼rgen, O'Connor, App Dev"
Jeremy Gomez,MECH,2,zblevins@hotmail.com,Web Dev
Lisa Gomez,IT,second,leachgeorge@rosales.info,"AI/ML, ðŸ˜Š, App Dev"
Martin Oconnor,IT,3,mbarr@yahoo.com,Web Dev
Mark Bowen,ECE,4,christopher15@hotmail.com,"Cybersecurity, JÃ¼rgen, DSA"
O'Connor,EEE,4,burkeraymond@jenkins.com,
Pamela Meyer,LAW,1,debra82@maldonado-robinson.com,"JÃ¼rgen, Cloud"
Crystal Stewart,EEE,second,ricky38@garcia.com,"DSA, O'Connor, Cloud, AI/ML"
Ashlee Bentley,CIVIL,second,lorithompson@yahoo.com,"å¼ ä¼Ÿ, ðŸ˜Š"
Pamela Davis,MECH,4,brettmiller@west-wade.biz,"AI/ML, Web Dev"
Michelle Williams,EEE,3,invalid-email.com,"ðŸ˜Š, App Dev"
Robert Tucker,EEE,2,ejoseph@lopez-ramirez.biz,"å¼ ä¼Ÿ, Cloud, DSA, AI/ML"
Ian Jackson,ECE,3,richard23@mcdonald-lopez.com,"ðŸ˜Š, å¼ ä¼Ÿ, Cloud"
Renee Swanson,MBA,second,lisaharris@roberts.com,"Cybersecurity, Cloud, O'Connor"
Nathaniel Collins,EEE,3,jasonhill@gmail.com,"å¼ ä¼Ÿ, Cloud, DSA"
,CSE,1,cynthia64@yahoo.com,
Jessica Gould,CSE,1,theresa21@hotmail.com,"Blockchain, DSA, ðŸ˜Š, Web Dev"
David Martinez,CIVIL,1,jamesgross@yahoo.com,"Cybersecurity, Web Dev, Blockchain, å¼ ä¼Ÿ"
Debbie Graham,EEE,1,evansbrian@mayer.com,ðŸ˜Š
Elaine Proctor,ECE,4,hardinlori@graves.com,App Dev
Randy Dudley,MBA,5,christiannguyen@yahoo.com,"Cybersecurity, DSA, Blockchain, JÃ¼rgen"
Jennifer Anderson,MBA,2,bturner@yahoo.com,JÃ¼rgen
Christine Jones,LAW,4,jamesmarshall@yahoo.com,"Cloud, DSA, ðŸ˜Š, App Dev"
Steven Vargas,CSE,5,dawn71@gmail.com,"Cloud, ðŸ˜Š"
Sharon Jones,CSE,5,elliottdouglas@yahoo.com,Robotics
JÃ¼rgen,,5,invalid-email.com,
Angie Mckee,CSE,4,savannah31@gmail.com,O'Connor
Cheryl Hammond,MECH,3,hmiller@yahoo.com,"JÃ¼rgen, Cybersecurity, O'Connor, Web Dev"
Jason Smith,EEE,5,torresricky@yahoo.com,"AI/ML, DSA"
Brandy Perez,MECH,5,bfrey@cole.net,"Web Dev, JÃ¼rgen"
Tyrone Rush,ECE,5,tara70@walker.com,"ðŸ˜Š, App Dev"
Lindsay Love,ECE,1,pearsoncharles@yahoo.com,"Cybersecurity, ðŸ˜Š, AI/ML"
Tommy Mcguire,MBA,3,gpeterson@edwards.com,"AI/ML, App Dev, Blockchain, Robotics"
David Miranda,MBA,second,rowestacey@mccall-ruiz.com,"DSA, Web Dev, Robotics"
Daniel Rowland,ECE,4,bailey14@bell-aguilar.net,O'Connor
Jack Martinez,LAW,1,ctaylor@west.com,
Michael Perez,IT,5,beverlygrant@james-johnson.com,"JÃ¼rgen, Cloud"
Wendy Bullock,EEE,second,davisderek@klein.org,"App Dev, å¼ ä¼Ÿ, DSA, Cybersecurity"
Desiree Reynolds,ECE,4,kennedyscott@yahoo.com,"Cloud, AI/ML, JÃ¼rgen"
Jason Hall,EEE,1,wheelerjoshua@singleton.info,"Cybersecurity, Robotics, Web Dev, App Dev"
,IT,3,invalid-email.com,Web Dev
Russell Alvarado,LAW,1,rhiggins@leach.org,Robotics
Cynthia Morrison,ECE,4,holly67@burns.net,Robotics
Mark Nelson,IT,5,julie52@khan-smith.com,"Robotics, ðŸ˜Š"
Miranda Kirk,ECE,5,campbelltaylor@henderson.com,Web Dev
JÃ¼rgen,EEE,second,stephenabbott@hotmail.com,
Stephen Fernandez,ECE,2,whitney49@yahoo.com,"DSA, Blockchain"
Jessica Pena,CIVIL,2,ohuber@chambers.org,App Dev
Brittney Smith,MECH,second,jamesberry@lee.org,"å¼ ä¼Ÿ, Cybersecurity, DSA, ðŸ˜Š"
Ashley Roberts,EEE,1,bernardedward@yahoo.com,"Cloud, App Dev, Robotics"
Mandy Mcguire,CIVIL,3,pamelacarter@boyd-torres.biz,"Cybersecurity, Blockchain, JÃ¼rgen"
Mark Ochoa,IT,4,franciskathleen@harris.biz,Robotics
Megan Chandler,MBA,1,erica93@gmail.com,"Blockchain, Robotics, ðŸ˜Š, JÃ¼rgen"
Tina Brown,EEE,5,plyons@martinez-harris.com,"ðŸ˜Š, Blockchain, App Dev, å¼ ä¼Ÿ"
Lisa Hill,IT,second,winterssamuel@hotmail.com,"Web Dev, ðŸ˜Š, DSA, å¼ ä¼Ÿ"
Robert Smith,,2,invalid-email.com,
David King,CIVIL,5,jacob19@hotmail.com,"Cybersecurity, Blockchain, ðŸ˜Š, JÃ¼rgen"
Mark Stanley,CIVIL,2,isolis@gmail.com,"ðŸ˜Š, App Dev, Robotics, Blockchain"
Tammy Tanner,CIVIL,4,patrickhughes@yahoo.com,Cybersecurity
Kenneth Duncan,LAW,2,fbryant@hotmail.com,"å¼ ä¼Ÿ, Cloud, App Dev"
Kimberly Hill,MECH,4,vhill@richards-simon.com,Blockchain
Jennifer Miller,MECH,1,andreajohnston@gmail.com,"JÃ¼rgen, Robotics"
Donna Allen,CSE,1,yrobinson@hotmail.com,"AI/ML, Web Dev, DSA"
Samantha Watts,ECE,4,gwilliams@ward.net,"AI/ML, Web Dev"
Christina Burns,EEE,1,hoffmanlynn@yahoo.com,"Blockchain, App Dev, Robotics"
,MBA,4,hopkinspamela@tran.com,
Kenneth Brady,CIVIL,5,sarah31@walker.com,"Blockchain, Cloud, Web Dev"
Randy Mcdonald,EEE,4,smithanthony@yahoo.com,"Cloud, App Dev"
Suzanne Meyer,CIVIL,4,terrellblake@sanchez.org,"Robotics, O'Connor"
Julie Price,MBA,2,grahamjared@long-davis.info,App Dev
Joseph Guerrero,ECE,second,invalid-email.com,"JÃ¼rgen, DSA"
Shelly Brown,LAW,4,zimmermankirk@williams-love.org,"Cloud, AI/ML, JÃ¼rgen"
Jonathan Orozco II,LAW,second,nanderson@gmail.com,"Cloud, AI/ML, Blockchain"
Kayla Jimenez,CSE,1,paynedonna@fox-garza.biz,"ðŸ˜Š, Cloud, DSA, Web Dev"
Mary Johnson,CSE,second,lestermary@yahoo.com,"ðŸ˜Š, JÃ¼rgen"
Rebekah Lambert,EEE,4,waynewhite@gmail.com,
Jessica Riley,CSE,3,paulamoore@neal.com,Robotics
Lorraine Stephenson,CSE,2,paigethomas@tucker-mendoza.net,"Web Dev, AI/ML"
Evelyn Hardy,MECH,2,wshah@hotmail.com,"Web Dev, Cloud"
Jonathan Gonzalez,CSE,second,jennifer96@gmail.com,"JÃ¼rgen, å¼ ä¼Ÿ"
Margaret Downs,MBA,3,kara59@larson-christian.com,JÃ¼rgen
Rebecca Mcclain,LAW,second,walterheather@mendoza.info,App Dev
Jeffrey Reed,CIVIL,5,adamreed@yahoo.com,"ðŸ˜Š, JÃ¼rgen, Robotics, Cloud"
Samantha Medina,IT,second,rjoseph@atkins.net,"App Dev, Cloud, DSA"
Melissa Fischer,CIVIL,2,mrichardson@nelson.net,"Cybersecurity, Blockchain, JÃ¼rgen"
JÃ¼rgen,,1,invalid-email.com,
Jonathan Knapp,CIVIL,3,joanlewis@johnson-hodge.com,"Cybersecurity, Cloud"
Alexis Payne,LAW,second,cathy49@hotmail.com,"Blockchain, Cloud, AI/ML"
Lauren Becker,MBA,2,susan86@stewart.org,JÃ¼rgen
Jessica Miller,MECH,4,gbrown@sanders-barnett.com,"Blockchain, O'Connor"
,LAW,2,tammyschwartz@jones.com,"DSA, App Dev"
Gina Miller,LAW,1,urichardson@murphy.org,Blockchain
Sonya Taylor,IT,4,aprilshea@guzman.com,"DSA, Blockchain, Robotics"
Jacob Wang,ECE,4,courtney83@hotmail.com,"O'Connor, JÃ¼rgen, Web Dev, å¼ ä¼Ÿ"
Keith Cox,EEE,3,bryantrichard@thompson-miller.org,"Blockchain, Cloud, O'Connor, ðŸ˜Š"
Jill Cantrell,IT,5,kimsmith@gmail.com,
Tracy Morales,CSE,4,rmiller@yahoo.com,Cybersecurity
Justin Nelson,EEE,1,williamsnancy@gray.com,"Blockchain, App Dev, Cloud, Robotics"
Albert Mendoza,EEE,3,austinkevin@yahoo.com,"AI/ML, å¼ ä¼Ÿ, DSA"
Andrew Griffin,LAW,3,joanna08@yahoo.com,"å¼ ä¼Ÿ, App Dev, O'Connor, Blockchain"
Kathleen Watts,MBA,second,invalid-email.com,"Cybersecurity, Web Dev"
Kyle Long,IT,1,foxalyssa@yahoo.com,"DSA, Cloud"
Karen Camacho,ECE,2,melissa71@hotmail.com,Cloud
Brandy Krueger,EEE,2,mikemiller@gmail.com,"O'Connor, å¼ ä¼Ÿ, Blockchain"
Jamie Miles,EEE,4,leenicholas@gmail.com,"Web Dev, AI/ML, Cloud, DSA"
å¼ ä¼Ÿ,CIVIL,2,newmanjonathan@gmail.com,
Benjamin Thomas,ECE,2,gutierrezjoseph@gmail.com,"App Dev, JÃ¼rgen"
Carol Taylor,ECE,second,ronald37@yahoo.com,"AI/ML, Web Dev, DSA"
Linda Manning,MECH,5,sweeneygregory@yahoo.com,"AI/ML, Robotics"
Timothy Hernandez,EEE,4,denise33@gmail.com,"Cybersecurity, Robotics"
Destiny Elliott,CIVIL,4,leejacob@yahoo.com,"Cloud, Web Dev, Blockchain, DSA"
Samantha Gilbert,LAW,4,stephanie56@hotmail.com,"DSA, Web Dev"
Robert Gray,MBA,2,willisraven@hotmail.com,O'Connor
Stacie Obrien,MECH,4,hollandbrandi@yahoo.com,"JÃ¼rgen, DSA, Web Dev"
Sharon Johnson,CIVIL,2,colleendeleon@galloway.net,"App Dev, AI/ML"
,,5,invalid-email.com,
Bryce Joyce,ECE,1,kbullock@lane-aguilar.org,App Dev
Jason Jones,CIVIL,2,gmaldonado@gmail.com,O'Connor
Stacy Norris,CSE,2,rodriguezmary@gilbert.com,O'Connor
Jessica Young,LAW,5,frankbutler@gmail.com,DSA
Sara Li,EEE,5,ilopez@hall-washington.info,"Web Dev, O'Connor"
Michelle Vasquez,MECH,2,lindsey46@yahoo.com,"Robotics, App Dev, O'Connor"
Joseph Castillo,IT,second,laura15@stanley-wise.com,"ðŸ˜Š, Cloud"
Matthew Stevens,CSE,2,shawdonna@gmail.com,JÃ¼rgen
Stephanie Allen,MBA,3,batesjon@ruiz.com,"Robotics, DSA, JÃ¼rgen"
JÃ¼rgen,IT,3,weeksvirginia@garcia.info,
Christina Herring,LAW,3,leslie96@hotmail.com,Cybersecurity
David Richmond,CIVIL,second,cody46@hotmail.com,"JÃ¼rgen, Cloud, AI/ML"
Andrea Brown,CSE,second,gentryjessica@michael-berry.com,"JÃ¼rgen, App Dev"
Cassidy Griffin,MECH,3,jacksonrachel@gmail.com,"Web Dev, JÃ¼rgen, ðŸ˜Š, Blockchain"
Eric Jones,EEE,4,invalid-email.com,"AI/ML, Web Dev, JÃ¼rgen"
Steven Young,IT,3,jennifer63@mcguire-brown.com,"Robotics, O'Connor, Blockchain, Cloud"
Mary Bond,MBA,5,pdaniels@guzman.com,DSA
Samuel Estrada,CIVIL,2,mitchell79@hotmail.com,"Robotics, AI/ML"
Ronald Madden,MECH,3,wendyramos@carter.com,"JÃ¼rgen, Robotics, Blockchain, O'Connor"
Kristina Whitney,ECE,5,james70@morse-gillespie.org,
Robert Ware,MECH,3,swelch@yahoo.com,"AI/ML, DSA, Cybersecurity"
Timothy Alexander,IT,2,melissa31@yahoo.com,"App Dev, Web Dev, O'Connor, AI/ML"
Jason Walker,EEE,1,christopher20@gmail.com,AI/ML
Susan Lewis,IT,1,gamblejenna@sandoval.net,App Dev
,ECE,3,kelsey82@hotmail.com,"DSA, App Dev, JÃ¼rgen"
Felicia Green,MECH,2,burgessdebbie@yahoo.com,"Cybersecurity, Cloud, Blockchain"
Nicole Oliver,CSE,second,joshua57@hotmail.com,"JÃ¼rgen, Cloud"
Jessica Jones,LAW,second,benjaminbenitez@smith.org,"Cybersecurity, Robotics"
Scott Mcbride,EEE,4,bsimmons@hotmail.com,"Cybersecurity, Cloud, O'Connor"
O'Connor,,2,invalid-email.com,
Scott Riley,CSE,second,nmartin@martinez-adams.com,Web Dev
Rachel Livingston,IT,4,hevans@yahoo.com,"AI/ML, Cybersecurity"
Brian Coffey,IT,5,murraykristin@hotmail.com,"App Dev, O'Connor, AI/ML"
Kimberly Norris,LAW,second,rogerstark@tucker.info,"Robotics, ðŸ˜Š"
Matthew Ingram,ECE,3,brittany20@jimenez-washington.com,App Dev
Dana Miller,EEE,3,kim77@yahoo.com,å¼ ä¼Ÿ
Katherine Wilson,CSE,5,raybianca@avila.com,"Robotics, O'Connor"
Amy Conley,EEE,3,hallmiguel@hotmail.com,"O'Connor, å¼ ä¼Ÿ"
Hailey Atkins,ECE,5,thomasjason@hotmail.com,DSA
Russell Bradford,CIVIL,4,dianemiller@yahoo.com,
Hunter Everett,IT,1,brewerkelly@duffy.net,"Web Dev, Robotics, Blockchain"
Lauren Garza,LAW,4,timothy90@hernandez.com,"Web Dev, DSA, JÃ¼rgen, Blockchain"
Monica Taylor,EEE,second,michael92@hotmail.com,"Blockchain, å¼ ä¼Ÿ, JÃ¼rgen, Web Dev"
Gregory Carr,ECE,3,robin15@davis-smith.biz,"JÃ¼rgen, DSA, å¼ ä¼Ÿ"
Molly Smith,IT,1,invalid-email.com,Cloud
David Le,MBA,5,jennifer07@juarez.com,"Web Dev, Robotics, ðŸ˜Š"
Melinda Hensley,CSE,3,blevinsmeagan@smith-nichols.com,"Cloud, App Dev, ðŸ˜Š, DSA"
Lisa Durham,ECE,2,phillip30@hotmail.com,"Cybersecurity, AI/ML, å¼ ä¼Ÿ, JÃ¼rgen"
Scott Ramirez,MECH,5,owenkent@wagner.biz,Blockchain